ProductName,StandarCost,Category,Subcategory,Color,SizeStr,IndexStr,KeyProduct
Bikes Mountain,974.0289726399152,Bikes,Mountain,Black,XS,0,BIKMOU00000
Bikes Mountain,2597.699463343908,Bikes,Mountain,Black,S,1,BIKMOU00001
Bikes Mountain,2260.7635568080536,Bikes,Mountain,Black,M,2,BIKMOU00002
Bikes Mountain,720.6229750730598,Bikes,Mountain,Black,L,3,BIKMOU00003
Bikes Mountain,7799.992997320462,Bikes,Mountain,Black,XL,4,BIKMOU00004
Bikes Mountain,5011.708101310574,Bikes,Mountain,White,XS,5,BIKMOU00005
Bikes Mountain,2815.0811467433796,Bikes,Mountain,White,S,6,BIKMOU00006
Bikes Mountain,8117.349718188145,Bikes,Mountain,White,M,7,BIKMOU00007
Bikes Mountain,3442.9935865586835,Bikes,Mountain,White,L,8,BIKMOU00008
Bikes Mountain,2036.5428771265688,Bikes,Mountain,White,XL,9,BIKMOU00009
Bikes Mountain,3485.5025375485825,Bikes,Mountain,Navy,XS,10,BIKMOU00010
Bikes Mountain,6760.42147017948,Bikes,Mountain,Navy,S,11,BIKMOU00011
Bikes Mountain,2902.83299116466,Bikes,Mountain,Navy,M,12,BIKMOU00012
Bikes Mountain,2729.991036816756,Bikes,Mountain,Navy,L,13,BIKMOU00013
Bikes Mountain,8823.297617605362,Bikes,Mountain,Navy,XL,14,BIKMOU00014
Bikes Mountain,5437.386299624337,Bikes,Mountain,Brown,XS,15,BIKMOU00015
Bikes Mountain,7463.274836433662,Bikes,Mountain,Brown,S,16,BIKMOU00016
Bikes Mountain,8988.304224104826,Bikes,Mountain,Brown,M,17,BIKMOU00017
Bikes Mountain,2812.2148116820013,Bikes,Mountain,Brown,L,18,BIKMOU00018
Bikes Mountain,5381.011649814807,Bikes,Mountain,Brown,XL,19,BIKMOU00019
Bikes Mountain,1418.6150751930033,Bikes,Mountain,Multi,XS,20,BIKMOU00020
Bikes Mountain,9622.366388667277,Bikes,Mountain,Multi,S,21,BIKMOU00021
Bikes Mountain,8143.313682980463,Bikes,Mountain,Multi,M,22,BIKMOU00022
Bikes Mountain,6548.94908303142,Bikes,Mountain,Multi,L,23,BIKMOU00023
Bikes Mountain,2102.348760713381,Bikes,Mountain,Multi,XL,24,BIKMOU00024
Bikes Classic,9711.145748791758,Bikes,Classic,Black,XS,25,BIKCLA00025
Bikes Classic,451.8067790346803,Bikes,Classic,Black,S,26,BIKCLA00026
Bikes Classic,4290.018840230226,Bikes,Classic,Black,M,27,BIKCLA00027
Bikes Classic,9449.70100254602,Bikes,Classic,Black,L,28,BIKCLA00028
Bikes Classic,3260.1764839637763,Bikes,Classic,Black,XL,29,BIKCLA00029
Bikes Classic,7791.4515410798,Bikes,Classic,White,XS,30,BIKCLA00030
Bikes Classic,9753.406840097707,Bikes,Classic,White,S,31,BIKCLA00031
Bikes Classic,7049.152446304867,Bikes,Classic,White,M,32,BIKCLA00032
Bikes Classic,3095.037823352427,Bikes,Classic,White,L,33,BIKCLA00033
Bikes Classic,9689.772656534711,Bikes,Classic,White,XL,34,BIKCLA00034
Bikes Classic,4017.5606104885906,Bikes,Classic,Navy,XS,35,BIKCLA00035
Bikes Classic,9517.959727021724,Bikes,Classic,Navy,S,36,BIKCLA00036
Bikes Classic,1381.1197731188417,Bikes,Classic,Navy,M,37,BIKCLA00037
Bikes Classic,9376.93528847193,Bikes,Classic,Navy,L,38,BIKCLA00038
Bikes Classic,7595.369504604276,Bikes,Classic,Navy,XL,39,BIKCLA00039
Bikes Classic,556.58088788013,Bikes,Classic,Brown,XS,40,BIKCLA00040
Bikes Classic,6662.434233949495,Bikes,Classic,Brown,S,41,BIKCLA00041
Bikes Classic,2343.055168552094,Bikes,Classic,Brown,M,42,BIKCLA00042
Bikes Classic,5242.561292141855,Bikes,Classic,Brown,L,43,BIKCLA00043
Bikes Classic,5155.685435369443,Bikes,Classic,Brown,XL,44,BIKCLA00044
Bikes Classic,1164.6650835881544,Bikes,Classic,Multi,XS,45,BIKCLA00045
Bikes Classic,8169.127909272828,Bikes,Classic,Multi,S,46,BIKCLA00046
Bikes Classic,9628.284869114914,Bikes,Classic,Multi,M,47,BIKCLA00047
Bikes Classic,5929.935690695837,Bikes,Classic,Multi,L,48,BIKCLA00048
Bikes Classic,4102.095301580779,Bikes,Classic,Multi,XL,49,BIKCLA00049
Bikes Road,6593.1822245744825,Bikes,Road,Black,XS,50,BIKROA00050
Bikes Road,4017.841013283066,Bikes,Road,Black,S,51,BIKROA00051
Bikes Road,5992.66878462622,Bikes,Road,Black,M,52,BIKROA00052
Bikes Road,4383.464245448045,Bikes,Road,Black,L,53,BIKROA00053
Bikes Road,1613.410132159542,Bikes,Road,Black,XL,54,BIKROA00054
Bikes Road,8559.507076049353,Bikes,Road,White,XS,55,BIKROA00055
Bikes Road,3657.4072967584507,Bikes,Road,White,S,56,BIKROA00056
Bikes Road,1112.8742442477378,Bikes,Road,White,M,57,BIKROA00057
Bikes Road,468.77319625221884,Bikes,Road,White,L,58,BIKROA00058
Bikes Road,4613.730226270871,Bikes,Road,White,XL,59,BIKROA00059
Bikes Road,1368.6690784609352,Bikes,Road,Navy,XS,60,BIKROA00060
Bikes Road,7066.976817687858,Bikes,Road,Navy,S,61,BIKROA00061
Bikes Road,727.6234839206924,Bikes,Road,Navy,M,62,BIKROA00062
Bikes Road,130.00615716844598,Bikes,Road,Navy,L,63,BIKROA00063
Bikes Road,982.5793780426783,Bikes,Road,Navy,XL,64,BIKROA00064
Bikes Road,8078.036571543286,Bikes,Road,Brown,XS,65,BIKROA00065
Bikes Road,7041.785399869646,Bikes,Road,Brown,S,66,BIKROA00066
Bikes Road,8614.496994157887,Bikes,Road,Brown,M,67,BIKROA00067
Bikes Road,8036.303731197435,Bikes,Road,Brown,L,68,BIKROA00068
Bikes Road,2363.541230697817,Bikes,Road,Brown,XL,69,BIKROA00069
Bikes Road,5136.07406736737,Bikes,Road,Multi,XS,70,BIKROA00070
Bikes Road,5451.641097696663,Bikes,Road,Multi,S,71,BIKROA00071
Bikes Road,3007.695484894295,Bikes,Road,Multi,M,72,BIKROA00072
Bikes Road,3755.229949105704,Bikes,Road,Multi,L,73,BIKROA00073
Bikes Road,2775.6134742650443,Bikes,Road,Multi,XL,74,BIKROA00074
Clothing Gloves,1023.8025605446073,Clothing,Gloves,Black,S,75,CLOGLO00075
Clothing Gloves,7556.007228439535,Clothing,Gloves,Black,M,76,CLOGLO00076
Clothing Gloves,7332.2539093243395,Clothing,Gloves,Black,L,77,CLOGLO00077
Clothing Gloves,135.89171238104117,Clothing,Gloves,Black,XL,78,CLOGLO00078
Clothing Gloves,2472.331297932821,Clothing,Gloves,White,S,79,CLOGLO00079
Clothing Gloves,2770.201659696171,Clothing,Gloves,White,M,80,CLOGLO00080
Clothing Gloves,7937.391870251279,Clothing,Gloves,White,L,81,CLOGLO00081
Clothing Gloves,5123.599451599838,Clothing,Gloves,White,XL,82,CLOGLO00082
Clothing Gloves,4710.296921791509,Clothing,Gloves,Navy,S,83,CLOGLO00083
Clothing Gloves,2702.562968523999,Clothing,Gloves,Navy,M,84,CLOGLO00084
Clothing Gloves,6071.201251530427,Clothing,Gloves,Navy,L,85,CLOGLO00085
Clothing Gloves,8773.138517891737,Clothing,Gloves,Navy,XL,86,CLOGLO00086
Clothing Gloves,9933.598980873992,Clothing,Gloves,Green,S,87,CLOGLO00087
Clothing Gloves,366.3692846668775,Clothing,Gloves,Green,M,88,CLOGLO00088
Clothing Gloves,5294.029510900114,Clothing,Gloves,Green,L,89,CLOGLO00089
Clothing Gloves,531.3336678317864,Clothing,Gloves,Green,XL,90,CLOGLO00090
Clothing Gloves,8452.270698329014,Clothing,Gloves,Red,S,91,CLOGLO00091
Clothing Gloves,6419.2750330521285,Clothing,Gloves,Red,M,92,CLOGLO00092
Clothing Gloves,4019.945064351402,Clothing,Gloves,Red,L,93,CLOGLO00093
Clothing Gloves,3138.8422307666146,Clothing,Gloves,Red,XL,94,CLOGLO00094
Clothing Gloves,707.3087977624743,Clothing,Gloves,Purple,S,95,CLOGLO00095
Clothing Gloves,8975.80093908646,Clothing,Gloves,Purple,M,96,CLOGLO00096
Clothing Gloves,9115.770863267933,Clothing,Gloves,Purple,L,97,CLOGLO00097
Clothing Gloves,9514.353622991144,Clothing,Gloves,Purple,XL,98,CLOGLO00098
Clothing Gloves,9205.121828100213,Clothing,Gloves,Violet,S,99,CLOGLO00099
Clothing Gloves,414.8536103254031,Clothing,Gloves,Violet,M,100,CLOGLO00100
Clothing Gloves,8773.820645811209,Clothing,Gloves,Violet,L,101,CLOGLO00101
Clothing Gloves,517.780435515338,Clothing,Gloves,Violet,XL,102,CLOGLO00102
Clothing Gloves,9808.229327715942,Clothing,Gloves,Pink,S,103,CLOGLO00103
Clothing Gloves,7612.600753898425,Clothing,Gloves,Pink,M,104,CLOGLO00104
Clothing Gloves,8956.963606091087,Clothing,Gloves,Pink,L,105,CLOGLO00105
Clothing Gloves,7541.263989439805,Clothing,Gloves,Pink,XL,106,CLOGLO00106
Clothing Gloves,9070.936794356923,Clothing,Gloves,Dark Blue,S,107,CLOGLO00107
Clothing Gloves,7434.570445133207,Clothing,Gloves,Dark Blue,M,108,CLOGLO00108
Clothing Gloves,9060.261796548266,Clothing,Gloves,Dark Blue,L,109,CLOGLO00109
Clothing Gloves,375.7148745888131,Clothing,Gloves,Dark Blue,XL,110,CLOGLO00110
Clothing Gloves,6833.107110116292,Clothing,Gloves,Dark Red,S,111,CLOGLO00111
Clothing Gloves,8478.718470721537,Clothing,Gloves,Dark Red,M,112,CLOGLO00112
Clothing Gloves,8886.086421252587,Clothing,Gloves,Dark Red,L,113,CLOGLO00113
Clothing Gloves,513.8733254973206,Clothing,Gloves,Dark Red,XL,114,CLOGLO00114
Clothing Short,4834.88482160549,Clothing,Short,Black,S,115,CLOSHO00115
Clothing Short,5870.021560161263,Clothing,Short,Black,M,116,CLOSHO00116
Clothing Short,2301.0905012556955,Clothing,Short,Black,L,117,CLOSHO00117
Clothing Short,4373.555425776502,Clothing,Short,Black,XL,118,CLOSHO00118
Clothing Short,8386.479544361619,Clothing,Short,White,S,119,CLOSHO00119
Clothing Short,9790.294543379941,Clothing,Short,White,M,120,CLOSHO00120
Clothing Short,6720.815077351563,Clothing,Short,White,L,121,CLOSHO00121
Clothing Short,9190.19406921371,Clothing,Short,White,XL,122,CLOSHO00122
Clothing Short,1540.8990906213724,Clothing,Short,Navy,S,123,CLOSHO00123
Clothing Short,4568.982537581863,Clothing,Short,Navy,M,124,CLOSHO00124
Clothing Short,967.724345665131,Clothing,Short,Navy,L,125,CLOSHO00125
Clothing Short,1910.6525223301235,Clothing,Short,Navy,XL,126,CLOSHO00126
Clothing Short,5426.454384848887,Clothing,Short,Green,S,127,CLOSHO00127
Clothing Short,6816.092981576612,Clothing,Short,Green,M,128,CLOSHO00128
Clothing Short,2787.4788674569727,Clothing,Short,Green,L,129,CLOSHO00129
Clothing Short,6440.040074217092,Clothing,Short,Green,XL,130,CLOSHO00130
Clothing Short,8810.267534095525,Clothing,Short,Red,S,131,CLOSHO00131
Clothing Short,7560.062210713985,Clothing,Short,Red,M,132,CLOSHO00132
Clothing Short,5746.616207892545,Clothing,Short,Red,L,133,CLOSHO00133
Clothing Short,7091.771600977082,Clothing,Short,Red,XL,134,CLOSHO00134
Clothing Short,3376.580495229079,Clothing,Short,Purple,S,135,CLOSHO00135
Clothing Short,6201.940070719383,Clothing,Short,Purple,M,136,CLOSHO00136
Clothing Short,6954.1779443943315,Clothing,Short,Purple,L,137,CLOSHO00137
Clothing Short,548.778317910492,Clothing,Short,Purple,XL,138,CLOSHO00138
Clothing Short,462.7256010083412,Clothing,Short,Violet,S,139,CLOSHO00139
Clothing Short,3509.4511583557364,Clothing,Short,Violet,M,140,CLOSHO00140
Clothing Short,8122.620392458285,Clothing,Short,Violet,L,141,CLOSHO00141
Clothing Short,4311.200941633663,Clothing,Short,Violet,XL,142,CLOSHO00142
Clothing Short,8634.720765754284,Clothing,Short,Pink,S,143,CLOSHO00143
Clothing Short,3002.715895902167,Clothing,Short,Pink,M,144,CLOSHO00144
Clothing Short,3115.6856187909225,Clothing,Short,Pink,L,145,CLOSHO00145
Clothing Short,8837.264064518937,Clothing,Short,Pink,XL,146,CLOSHO00146
Clothing Short,3853.322781630877,Clothing,Short,Dark Blue,S,147,CLOSHO00147
Clothing Short,5121.118488669666,Clothing,Short,Dark Blue,M,148,CLOSHO00148
Clothing Short,7976.5080343394475,Clothing,Short,Dark Blue,L,149,CLOSHO00149
Clothing Short,3426.608677735057,Clothing,Short,Dark Blue,XL,150,CLOSHO00150
Clothing Short,149.18007956088383,Clothing,Short,Dark Red,S,151,CLOSHO00151
Clothing Short,5893.492578918791,Clothing,Short,Dark Red,M,152,CLOSHO00152
Clothing Short,3561.5079713479527,Clothing,Short,Dark Red,L,153,CLOSHO00153
Clothing Short,4593.59839460108,Clothing,Short,Dark Red,XL,154,CLOSHO00154
Clothing Glasses,2996.0618421586023,Clothing,Glasses,Black,S,155,CLOGLA00155
Clothing Glasses,6589.99998009827,Clothing,Glasses,Black,M,156,CLOGLA00156
Clothing Glasses,4967.588946292375,Clothing,Glasses,Black,L,157,CLOGLA00157
Clothing Glasses,8186.299191770828,Clothing,Glasses,Black,XL,158,CLOGLA00158
Clothing Glasses,3699.0700485067055,Clothing,Glasses,White,S,159,CLOGLA00159
Clothing Glasses,2505.1305322076655,Clothing,Glasses,White,M,160,CLOGLA00160
Clothing Glasses,5361.403793564004,Clothing,Glasses,White,L,161,CLOGLA00161
Clothing Glasses,7701.635794877266,Clothing,Glasses,White,XL,162,CLOGLA00162
Clothing Glasses,9360.77584593597,Clothing,Glasses,Navy,S,163,CLOGLA00163
Clothing Glasses,2698.5037863144544,Clothing,Glasses,Navy,M,164,CLOGLA00164
Clothing Glasses,778.2771524491133,Clothing,Glasses,Navy,L,165,CLOGLA00165
Clothing Glasses,3897.594701452558,Clothing,Glasses,Navy,XL,166,CLOGLA00166
Clothing Glasses,7464.735923268843,Clothing,Glasses,Green,S,167,CLOGLA00167
Clothing Glasses,6073.072827246969,Clothing,Glasses,Green,M,168,CLOGLA00168
Clothing Glasses,7683.453995573416,Clothing,Glasses,Green,L,169,CLOGLA00169
Clothing Glasses,5192.775974193275,Clothing,Glasses,Green,XL,170,CLOGLA00170
Clothing Glasses,3399.655624452478,Clothing,Glasses,Red,S,171,CLOGLA00171
Clothing Glasses,6255.040855271042,Clothing,Glasses,Red,M,172,CLOGLA00172
Clothing Glasses,7527.734996364174,Clothing,Glasses,Red,L,173,CLOGLA00173
Clothing Glasses,6351.168586759846,Clothing,Glasses,Red,XL,174,CLOGLA00174
Clothing Glasses,313.223371434689,Clothing,Glasses,Purple,S,175,CLOGLA00175
Clothing Glasses,3358.8315288690455,Clothing,Glasses,Purple,M,176,CLOGLA00176
Clothing Glasses,4604.853180409589,Clothing,Glasses,Purple,L,177,CLOGLA00177
Clothing Glasses,3463.948509920578,Clothing,Glasses,Purple,XL,178,CLOGLA00178
Clothing Glasses,1620.6266136902434,Clothing,Glasses,Violet,S,179,CLOGLA00179
Clothing Glasses,6788.724890720892,Clothing,Glasses,Violet,M,180,CLOGLA00180
Clothing Glasses,256.47330017101746,Clothing,Glasses,Violet,L,181,CLOGLA00181
Clothing Glasses,4877.1458316684475,Clothing,Glasses,Violet,XL,182,CLOGLA00182
Clothing Glasses,406.05402842890294,Clothing,Glasses,Pink,S,183,CLOGLA00183
Clothing Glasses,3130.1170314176225,Clothing,Glasses,Pink,M,184,CLOGLA00184
Clothing Glasses,9621.7342931566,Clothing,Glasses,Pink,L,185,CLOGLA00185
Clothing Glasses,9348.991430639504,Clothing,Glasses,Pink,XL,186,CLOGLA00186
Clothing Glasses,4264.664130238817,Clothing,Glasses,Dark Blue,S,187,CLOGLA00187
Clothing Glasses,1303.8208427627078,Clothing,Glasses,Dark Blue,M,188,CLOGLA00188
Clothing Glasses,9495.309958245294,Clothing,Glasses,Dark Blue,L,189,CLOGLA00189
Clothing Glasses,9469.063502682666,Clothing,Glasses,Dark Blue,XL,190,CLOGLA00190
Clothing Glasses,3741.017981075023,Clothing,Glasses,Dark Red,S,191,CLOGLA00191
Clothing Glasses,626.0815637355453,Clothing,Glasses,Dark Red,M,192,CLOGLA00192
Clothing Glasses,1327.9959145805792,Clothing,Glasses,Dark Red,L,193,CLOGLA00193
Clothing Glasses,8984.021703651479,Clothing,Glasses,Dark Red,XL,194,CLOGLA00194
Clothing Vests,917.745953440434,Clothing,Vests,Black,S,195,CLOVES00195
Clothing Vests,4309.659458420812,Clothing,Vests,Black,M,196,CLOVES00196
Clothing Vests,2869.0629428811144,Clothing,Vests,Black,L,197,CLOVES00197
Clothing Vests,2331.322188114857,Clothing,Vests,Black,XL,198,CLOVES00198
Clothing Vests,1002.5035394819013,Clothing,Vests,White,S,199,CLOVES00199
Clothing Vests,110.30855721965,Clothing,Vests,White,M,200,CLOVES00200
Clothing Vests,1759.8529851661406,Clothing,Vests,White,L,201,CLOVES00201
Clothing Vests,6090.677053673451,Clothing,Vests,White,XL,202,CLOVES00202
Clothing Vests,3360.793696199454,Clothing,Vests,Navy,S,203,CLOVES00203
Clothing Vests,7061.6039434007025,Clothing,Vests,Navy,M,204,CLOVES00204
Clothing Vests,4602.358126484523,Clothing,Vests,Navy,L,205,CLOVES00205
Clothing Vests,7200.872382539096,Clothing,Vests,Navy,XL,206,CLOVES00206
Clothing Vests,2000.7150565588022,Clothing,Vests,Green,S,207,CLOVES00207
Clothing Vests,2345.148545278627,Clothing,Vests,Green,M,208,CLOVES00208
Clothing Vests,9446.742461268224,Clothing,Vests,Green,L,209,CLOVES00209
Clothing Vests,9124.117548313587,Clothing,Vests,Green,XL,210,CLOVES00210
Clothing Vests,5767.996363879496,Clothing,Vests,Red,S,211,CLOVES00211
Clothing Vests,9791.317969482106,Clothing,Vests,Red,M,212,CLOVES00212
Clothing Vests,8673.205380384123,Clothing,Vests,Red,L,213,CLOVES00213
Clothing Vests,8774.988531611772,Clothing,Vests,Red,XL,214,CLOVES00214
Clothing Vests,5318.951965893759,Clothing,Vests,Purple,S,215,CLOVES00215
Clothing Vests,1253.8004263254863,Clothing,Vests,Purple,M,216,CLOVES00216
Clothing Vests,6317.14720374829,Clothing,Vests,Purple,L,217,CLOVES00217
Clothing Vests,9640.07995226249,Clothing,Vests,Purple,XL,218,CLOVES00218
Clothing Vests,4458.693524583311,Clothing,Vests,Violet,S,219,CLOVES00219
Clothing Vests,5328.956680795976,Clothing,Vests,Violet,M,220,CLOVES00220
Clothing Vests,1124.756863960591,Clothing,Vests,Violet,L,221,CLOVES00221
Clothing Vests,3376.5671152886016,Clothing,Vests,Violet,XL,222,CLOVES00222
Clothing Vests,1503.785451190103,Clothing,Vests,Pink,S,223,CLOVES00223
Clothing Vests,9065.220686796583,Clothing,Vests,Pink,M,224,CLOVES00224
Clothing Vests,9953.630299887502,Clothing,Vests,Pink,L,225,CLOVES00225
Clothing Vests,8949.672499639026,Clothing,Vests,Pink,XL,226,CLOVES00226
Clothing Vests,7001.079970484245,Clothing,Vests,Dark Blue,S,227,CLOVES00227
Clothing Vests,5458.733351160258,Clothing,Vests,Dark Blue,M,228,CLOVES00228
Clothing Vests,3781.996438311849,Clothing,Vests,Dark Blue,L,229,CLOVES00229
Clothing Vests,3003.537989991028,Clothing,Vests,Dark Blue,XL,230,CLOVES00230
Clothing Vests,7569.609795210219,Clothing,Vests,Dark Red,S,231,CLOVES00231
Clothing Vests,443.19091107325966,Clothing,Vests,Dark Red,M,232,CLOVES00232
Clothing Vests,8818.98002113023,Clothing,Vests,Dark Red,L,233,CLOVES00233
Clothing Vests,3857.949373802406,Clothing,Vests,Dark Red,XL,234,CLOVES00234
Clothing Hoodie,3066.7085836242813,Clothing,Hoodie,Black,S,235,CLOHOO00235
Clothing Hoodie,7728.518994245273,Clothing,Hoodie,Black,M,236,CLOHOO00236
Clothing Hoodie,4669.724637903646,Clothing,Hoodie,Black,L,237,CLOHOO00237
Clothing Hoodie,9188.908112655059,Clothing,Hoodie,Black,XL,238,CLOHOO00238
Clothing Hoodie,5334.242146870887,Clothing,Hoodie,White,S,239,CLOHOO00239
Clothing Hoodie,8864.981045806242,Clothing,Hoodie,White,M,240,CLOHOO00240
Clothing Hoodie,5223.212257149817,Clothing,Hoodie,White,L,241,CLOHOO00241
Clothing Hoodie,9636.425895389555,Clothing,Hoodie,White,XL,242,CLOHOO00242
Clothing Hoodie,2648.4069661360118,Clothing,Hoodie,Navy,S,243,CLOHOO00243
Clothing Hoodie,2796.179859592041,Clothing,Hoodie,Navy,M,244,CLOHOO00244
Clothing Hoodie,9931.061727991531,Clothing,Hoodie,Navy,L,245,CLOHOO00245
Clothing Hoodie,8431.74396787667,Clothing,Hoodie,Navy,XL,246,CLOHOO00246
Clothing Hoodie,1678.8919258972353,Clothing,Hoodie,Green,S,247,CLOHOO00247
Clothing Hoodie,7398.970856610586,Clothing,Hoodie,Green,M,248,CLOHOO00248
Clothing Hoodie,4241.319558242971,Clothing,Hoodie,Green,L,249,CLOHOO00249
Clothing Hoodie,1303.1473606816955,Clothing,Hoodie,Green,XL,250,CLOHOO00250
Clothing Hoodie,7400.914957160759,Clothing,Hoodie,Red,S,251,CLOHOO00251
Clothing Hoodie,9914.967989260567,Clothing,Hoodie,Red,M,252,CLOHOO00252
Clothing Hoodie,8460.512618427489,Clothing,Hoodie,Red,L,253,CLOHOO00253
Clothing Hoodie,7521.16461402065,Clothing,Hoodie,Red,XL,254,CLOHOO00254
Clothing Hoodie,4124.58305029742,Clothing,Hoodie,Purple,S,255,CLOHOO00255
Clothing Hoodie,785.6498300852434,Clothing,Hoodie,Purple,M,256,CLOHOO00256
Clothing Hoodie,1956.8708697230422,Clothing,Hoodie,Purple,L,257,CLOHOO00257
Clothing Hoodie,7776.715634956809,Clothing,Hoodie,Purple,XL,258,CLOHOO00258
Clothing Hoodie,5695.80359820716,Clothing,Hoodie,Violet,S,259,CLOHOO00259
Clothing Hoodie,8882.154185081257,Clothing,Hoodie,Violet,M,260,CLOHOO00260
Clothing Hoodie,9728.15279493786,Clothing,Hoodie,Violet,L,261,CLOHOO00261
Clothing Hoodie,9191.614608258353,Clothing,Hoodie,Violet,XL,262,CLOHOO00262
Clothing Hoodie,6934.360458921925,Clothing,Hoodie,Pink,S,263,CLOHOO00263
Clothing Hoodie,2110.7868428945853,Clothing,Hoodie,Pink,M,264,CLOHOO00264
Clothing Hoodie,7604.487241721873,Clothing,Hoodie,Pink,L,265,CLOHOO00265
Clothing Hoodie,4591.06966531644,Clothing,Hoodie,Pink,XL,266,CLOHOO00266
Clothing Hoodie,7771.869956233732,Clothing,Hoodie,Dark Blue,S,267,CLOHOO00267
Clothing Hoodie,4783.911495638753,Clothing,Hoodie,Dark Blue,M,268,CLOHOO00268
Clothing Hoodie,5358.92238783034,Clothing,Hoodie,Dark Blue,L,269,CLOHOO00269
Clothing Hoodie,6218.795449036679,Clothing,Hoodie,Dark Blue,XL,270,CLOHOO00270
Clothing Hoodie,2713.91545867553,Clothing,Hoodie,Dark Red,S,271,CLOHOO00271
Clothing Hoodie,8858.701851291306,Clothing,Hoodie,Dark Red,M,272,CLOHOO00272
Clothing Hoodie,9104.810926501259,Clothing,Hoodie,Dark Red,L,273,CLOHOO00273
Clothing Hoodie,5780.917473029338,Clothing,Hoodie,Dark Red,XL,274,CLOHOO00274
Clothing Shoes,5664.166806214476,Clothing,Shoes,Black,S,275,CLOSHO00275
Clothing Shoes,6035.5206227643,Clothing,Shoes,Black,M,276,CLOSHO00276
Clothing Shoes,7433.538429259027,Clothing,Shoes,Black,L,277,CLOSHO00277
Clothing Shoes,3664.7012420865985,Clothing,Shoes,Black,XL,278,CLOSHO00278
Clothing Shoes,1495.0476750321398,Clothing,Shoes,White,S,279,CLOSHO00279
Clothing Shoes,1139.6349322851672,Clothing,Shoes,White,M,280,CLOSHO00280
Clothing Shoes,6806.308976076897,Clothing,Shoes,White,L,281,CLOSHO00281
Clothing Shoes,4426.517940788635,Clothing,Shoes,White,XL,282,CLOSHO00282
Clothing Shoes,6293.949506132666,Clothing,Shoes,Navy,S,283,CLOSHO00283
Clothing Shoes,7899.948649125005,Clothing,Shoes,Navy,M,284,CLOSHO00284
Clothing Shoes,6586.260409521005,Clothing,Shoes,Navy,L,285,CLOSHO00285
Clothing Shoes,2330.6245179144953,Clothing,Shoes,Navy,XL,286,CLOSHO00286
Clothing Shoes,8698.012526337225,Clothing,Shoes,Green,S,287,CLOSHO00287
Clothing Shoes,9026.235932075897,Clothing,Shoes,Green,M,288,CLOSHO00288
Clothing Shoes,2112.506009171032,Clothing,Shoes,Green,L,289,CLOSHO00289
Clothing Shoes,2434.8567799785646,Clothing,Shoes,Green,XL,290,CLOSHO00290
Clothing Shoes,2449.430529563266,Clothing,Shoes,Red,S,291,CLOSHO00291
Clothing Shoes,4896.5195619026845,Clothing,Shoes,Red,M,292,CLOSHO00292
Clothing Shoes,9687.712354769908,Clothing,Shoes,Red,L,293,CLOSHO00293
Clothing Shoes,6140.872793444737,Clothing,Shoes,Red,XL,294,CLOSHO00294
Clothing Shoes,2978.5485315882097,Clothing,Shoes,Purple,S,295,CLOSHO00295
Clothing Shoes,8136.06221326458,Clothing,Shoes,Purple,M,296,CLOSHO00296
Clothing Shoes,7836.66718213593,Clothing,Shoes,Purple,L,297,CLOSHO00297
Clothing Shoes,4052.4645948780126,Clothing,Shoes,Purple,XL,298,CLOSHO00298
Clothing Shoes,3718.2571723650503,Clothing,Shoes,Violet,S,299,CLOSHO00299
Clothing Shoes,6041.1522510445875,Clothing,Shoes,Violet,M,300,CLOSHO00300
Clothing Shoes,8155.101409541879,Clothing,Shoes,Violet,L,301,CLOSHO00301
Clothing Shoes,6780.503070226524,Clothing,Shoes,Violet,XL,302,CLOSHO00302
Clothing Shoes,993.4423797988364,Clothing,Shoes,Pink,S,303,CLOSHO00303
Clothing Shoes,651.8068985891081,Clothing,Shoes,Pink,M,304,CLOSHO00304
Clothing Shoes,7859.216006699102,Clothing,Shoes,Pink,L,305,CLOSHO00305
Clothing Shoes,3073.861700992621,Clothing,Shoes,Pink,XL,306,CLOSHO00306
Clothing Shoes,1114.5243647616792,Clothing,Shoes,Dark Blue,S,307,CLOSHO00307
Clothing Shoes,2481.404966726756,Clothing,Shoes,Dark Blue,M,308,CLOSHO00308
Clothing Shoes,7963.930482964942,Clothing,Shoes,Dark Blue,L,309,CLOSHO00309
Clothing Shoes,9948.643737745228,Clothing,Shoes,Dark Blue,XL,310,CLOSHO00310
Clothing Shoes,9189.427209024157,Clothing,Shoes,Dark Red,S,311,CLOSHO00311
Clothing Shoes,971.7849458251297,Clothing,Shoes,Dark Red,M,312,CLOSHO00312
Clothing Shoes,6651.402629131976,Clothing,Shoes,Dark Red,L,313,CLOSHO00313
Clothing Shoes,3594.1500205742273,Clothing,Shoes,Dark Red,XL,314,CLOSHO00314
Accessories Lights,4806.479365168056,Accessories,Lights,White,S,315,ACCLIG00315
Accessories Lights,4975.83222699862,Accessories,Lights,White,M,316,ACCLIG00316
Accessories Lights,3892.4686892521795,Accessories,Lights,White,Custom,317,ACCLIG00317
Accessories Lights,2937.6196343769157,Accessories,Lights,Yellow,S,318,ACCLIG00318
Accessories Lights,6351.825070676287,Accessories,Lights,Yellow,M,319,ACCLIG00319
Accessories Lights,3694.010053951355,Accessories,Lights,Yellow,Custom,320,ACCLIG00320
Accessories Bottles,3407.664410148154,Accessories,Bottles,White,S,321,ACCBOT00321
Accessories Bottles,2113.758583056917,Accessories,Bottles,White,M,322,ACCBOT00322
Accessories Bottles,9631.852743554618,Accessories,Bottles,White,Custom,323,ACCBOT00323
Accessories Bottles,4360.641594742311,Accessories,Bottles,Yellow,S,324,ACCBOT00324
Accessories Bottles,4222.86470598348,Accessories,Bottles,Yellow,M,325,ACCBOT00325
Accessories Bottles,4392.255923380285,Accessories,Bottles,Yellow,Custom,326,ACCBOT00326
Accessories Helmets,6244.88308451009,Accessories,Helmets,White,S,327,ACCHEL00327
Accessories Helmets,1802.6440895386088,Accessories,Helmets,White,M,328,ACCHEL00328
Accessories Helmets,1065.386483130985,Accessories,Helmets,White,Custom,329,ACCHEL00329
Accessories Helmets,8208.711294086595,Accessories,Helmets,Yellow,S,330,ACCHEL00330
Accessories Helmets,8280.63489703052,Accessories,Helmets,Yellow,M,331,ACCHEL00331
Accessories Helmets,1956.2901418568476,Accessories,Helmets,Yellow,Custom,332,ACCHEL00332
Accessories Stamps,7355.248127951413,Accessories,Stamps,White,S,333,ACCSTA00333
Accessories Stamps,2599.8226117303743,Accessories,Stamps,White,M,334,ACCSTA00334
Accessories Stamps,3586.0656363437615,Accessories,Stamps,White,Custom,335,ACCSTA00335
Accessories Stamps,9738.84782218429,Accessories,Stamps,Yellow,S,336,ACCSTA00336
Accessories Stamps,7417.592091794666,Accessories,Stamps,Yellow,M,337,ACCSTA00337
Accessories Stamps,9070.967302362309,Accessories,Stamps,Yellow,Custom,338,ACCSTA00338
Accessories Tubes,2414.5726941940916,Accessories,Tubes,White,S,339,ACCTUB00339
Accessories Tubes,5317.551990851457,Accessories,Tubes,White,M,340,ACCTUB00340
Accessories Tubes,1998.0673617092357,Accessories,Tubes,White,Custom,341,ACCTUB00341
Accessories Tubes,8801.508138024628,Accessories,Tubes,Yellow,S,342,ACCTUB00342
Accessories Tubes,572.4103095804156,Accessories,Tubes,Yellow,M,343,ACCTUB00343
Accessories Tubes,8374.22098294008,Accessories,Tubes,Yellow,Custom,344,ACCTUB00344
Components Chains,7204.66607449959,Components,Chains,Bronce,S,345,COMCHA00345
Components Chains,9229.749276185139,Components,Chains,Bronce,M,346,COMCHA00346
Components Chains,8214.239562341922,Components,Chains,Bronce,XL,347,COMCHA00347
Components Chains,1847.7062926775286,Components,Chains,Bronce,Custom,348,COMCHA00348
Components Chains,5918.507207391736,Components,Chains,Gold,S,349,COMCHA00349
Components Chains,7480.637222044979,Components,Chains,Gold,M,350,COMCHA00350
Components Chains,9756.584006855288,Components,Chains,Gold,XL,351,COMCHA00351
Components Chains,6483.174607880205,Components,Chains,Gold,Custom,352,COMCHA00352
Components Chains,3266.8782011580256,Components,Chains,Silver,S,353,COMCHA00353
Components Chains,7924.391917642153,Components,Chains,Silver,M,354,COMCHA00354
Components Chains,274.11778425258495,Components,Chains,Silver,XL,355,COMCHA00355
Components Chains,5563.49907406073,Components,Chains,Silver,Custom,356,COMCHA00356
Components Chains,6251.573231871876,Components,Chains,Design - Special 2000,S,357,COMCHA00357
Components Chains,2823.112512995517,Components,Chains,Design - Special 2000,M,358,COMCHA00358
Components Chains,3940.5351993406525,Components,Chains,Design - Special 2000,XL,359,COMCHA00359
Components Chains,8780.162984022512,Components,Chains,Design - Special 2000,Custom,360,COMCHA00360
Components Chains,9861.341064766906,Components,Chains,Design Classic,S,361,COMCHA00361
Components Chains,1481.4347625602452,Components,Chains,Design Classic,M,362,COMCHA00362
Components Chains,9416.758385369758,Components,Chains,Design Classic,XL,363,COMCHA00363
Components Chains,4211.597000186898,Components,Chains,Design Classic,Custom,364,COMCHA00364
Components Forks,5006.048936061625,Components,Forks,Bronce,S,365,COMFOR00365
Components Forks,7248.84638099736,Components,Forks,Bronce,M,366,COMFOR00366
Components Forks,5699.394024372391,Components,Forks,Bronce,XL,367,COMFOR00367
Components Forks,5955.9213212679515,Components,Forks,Bronce,Custom,368,COMFOR00368
Components Forks,4974.995632408918,Components,Forks,Gold,S,369,COMFOR00369
Components Forks,2851.4051184058508,Components,Forks,Gold,M,370,COMFOR00370
Components Forks,3499.211971064101,Components,Forks,Gold,XL,371,COMFOR00371
Components Forks,9321.69868289926,Components,Forks,Gold,Custom,372,COMFOR00372
Components Forks,6276.161675919128,Components,Forks,Silver,S,373,COMFOR00373
Components Forks,8337.686639411451,Components,Forks,Silver,M,374,COMFOR00374
Components Forks,3737.914952902459,Components,Forks,Silver,XL,375,COMFOR00375
Components Forks,9370.396228521611,Components,Forks,Silver,Custom,376,COMFOR00376
Components Forks,5568.567819876567,Components,Forks,Design - Special 2000,S,377,COMFOR00377
Components Forks,2823.900032758747,Components,Forks,Design - Special 2000,M,378,COMFOR00378
Components Forks,7068.540981271498,Components,Forks,Design - Special 2000,XL,379,COMFOR00379
Components Forks,2588.6200302015855,Components,Forks,Design - Special 2000,Custom,380,COMFOR00380
Components Forks,5639.364220791984,Components,Forks,Design Classic,S,381,COMFOR00381
Components Forks,5102.811134807128,Components,Forks,Design Classic,M,382,COMFOR00382
Components Forks,634.8301544668811,Components,Forks,Design Classic,XL,383,COMFOR00383
Components Forks,7923.8177777190795,Components,Forks,Design Classic,Custom,384,COMFOR00384
Components Wheels,2212.9587935952122,Components,Wheels,Bronce,S,385,COMWHE00385
Components Wheels,638.6742670527041,Components,Wheels,Bronce,M,386,COMWHE00386
Components Wheels,2908.082120047691,Components,Wheels,Bronce,XL,387,COMWHE00387
Components Wheels,5547.775507712381,Components,Wheels,Bronce,Custom,388,COMWHE00388
Components Wheels,5340.721283155596,Components,Wheels,Gold,S,389,COMWHE00389
Components Wheels,6257.679037775643,Components,Wheels,Gold,M,390,COMWHE00390
Components Wheels,1511.829221512176,Components,Wheels,Gold,XL,391,COMWHE00391
Components Wheels,9877.897557499437,Components,Wheels,Gold,Custom,392,COMWHE00392
Components Wheels,6583.485481748086,Components,Wheels,Silver,S,393,COMWHE00393
Components Wheels,6333.213140808542,Components,Wheels,Silver,M,394,COMWHE00394
Components Wheels,1264.784386869101,Components,Wheels,Silver,XL,395,COMWHE00395
Components Wheels,452.38362180390163,Components,Wheels,Silver,Custom,396,COMWHE00396
Components Wheels,9850.978535351787,Components,Wheels,Design - Special 2000,S,397,COMWHE00397
Components Wheels,2064.789188744121,Components,Wheels,Design - Special 2000,M,398,COMWHE00398
Components Wheels,2648.1938032239177,Components,Wheels,Design - Special 2000,XL,399,COMWHE00399
Components Wheels,2843.214091180509,Components,Wheels,Design - Special 2000,Custom,400,COMWHE00400
Components Wheels,2615.1614909482105,Components,Wheels,Design Classic,S,401,COMWHE00401
Components Wheels,7109.835035956519,Components,Wheels,Design Classic,M,402,COMWHE00402
Components Wheels,7291.3887297501415,Components,Wheels,Design Classic,XL,403,COMWHE00403
Components Wheels,9750.762327022272,Components,Wheels,Design Classic,Custom,404,COMWHE00404
Components Pedals,951.8535734982042,Components,Pedals,Bronce,S,405,COMPED00405
Components Pedals,7907.631056610233,Components,Pedals,Bronce,M,406,COMPED00406
Components Pedals,4360.999693738031,Components,Pedals,Bronce,XL,407,COMPED00407
Components Pedals,3143.754087121942,Components,Pedals,Bronce,Custom,408,COMPED00408
Components Pedals,9292.648349313191,Components,Pedals,Gold,S,409,COMPED00409
Components Pedals,3959.8278472293687,Components,Pedals,Gold,M,410,COMPED00410
Components Pedals,1557.2631428512098,Components,Pedals,Gold,XL,411,COMPED00411
Components Pedals,2704.492874347788,Components,Pedals,Gold,Custom,412,COMPED00412
Components Pedals,9057.69260062352,Components,Pedals,Silver,S,413,COMPED00413
Components Pedals,8617.464126811226,Components,Pedals,Silver,M,414,COMPED00414
Components Pedals,6547.120691077973,Components,Pedals,Silver,XL,415,COMPED00415
Components Pedals,9508.765314444838,Components,Pedals,Silver,Custom,416,COMPED00416
Components Pedals,2603.8378354722468,Components,Pedals,Design - Special 2000,S,417,COMPED00417
Components Pedals,6620.425169468764,Components,Pedals,Design - Special 2000,M,418,COMPED00418
Components Pedals,9503.590821989148,Components,Pedals,Design - Special 2000,XL,419,COMPED00419
Components Pedals,2528.726301711844,Components,Pedals,Design - Special 2000,Custom,420,COMPED00420
Components Pedals,1557.8966066943037,Components,Pedals,Design Classic,S,421,COMPED00421
Components Pedals,9738.435437592245,Components,Pedals,Design Classic,M,422,COMPED00422
Components Pedals,9787.06087565455,Components,Pedals,Design Classic,XL,423,COMPED00423
Components Pedals,2402.090382157533,Components,Pedals,Design Classic,Custom,424,COMPED00424
Components Brakes,4453.564992894218,Components,Brakes,Bronce,S,425,COMBRA00425
Components Brakes,6143.1883939575755,Components,Brakes,Bronce,M,426,COMBRA00426
Components Brakes,6950.953588478359,Components,Brakes,Bronce,XL,427,COMBRA00427
Components Brakes,7250.015241419032,Components,Brakes,Bronce,Custom,428,COMBRA00428
Components Brakes,4766.069554216266,Components,Brakes,Gold,S,429,COMBRA00429
Components Brakes,739.3752911387705,Components,Brakes,Gold,M,430,COMBRA00430
Components Brakes,9837.604954443505,Components,Brakes,Gold,XL,431,COMBRA00431
Components Brakes,6361.465888315779,Components,Brakes,Gold,Custom,432,COMBRA00432
Components Brakes,8426.134502906481,Components,Brakes,Silver,S,433,COMBRA00433
Components Brakes,2633.864052859114,Components,Brakes,Silver,M,434,COMBRA00434
Components Brakes,5199.440576952086,Components,Brakes,Silver,XL,435,COMBRA00435
Components Brakes,8938.976113840661,Components,Brakes,Silver,Custom,436,COMBRA00436
Components Brakes,1092.0247124653501,Components,Brakes,Design - Special 2000,S,437,COMBRA00437
Components Brakes,1706.3525879248925,Components,Brakes,Design - Special 2000,M,438,COMBRA00438
Components Brakes,2441.194587190481,Components,Brakes,Design - Special 2000,XL,439,COMBRA00439
Components Brakes,211.15939027080447,Components,Brakes,Design - Special 2000,Custom,440,COMBRA00440
Components Brakes,987.2041817841297,Components,Brakes,Design Classic,S,441,COMBRA00441
Components Brakes,6712.158284341178,Components,Brakes,Design Classic,M,442,COMBRA00442
Components Brakes,9738.795448443558,Components,Brakes,Design Classic,XL,443,COMBRA00443
Components Brakes,7283.008519111272,Components,Brakes,Design Classic,Custom,444,COMBRA00444
Components Headset,8543.924343332435,Components,Headset,Bronce,S,445,COMHEA00445
Components Headset,218.65229442993936,Components,Headset,Bronce,M,446,COMHEA00446
Components Headset,7608.809786549671,Components,Headset,Bronce,XL,447,COMHEA00447
Components Headset,7818.230879386956,Components,Headset,Bronce,Custom,448,COMHEA00448
Components Headset,1142.0364698320407,Components,Headset,Gold,S,449,COMHEA00449
Components Headset,4340.288366237874,Components,Headset,Gold,M,450,COMHEA00450
Components Headset,3132.01574005171,Components,Headset,Gold,XL,451,COMHEA00451
Components Headset,7449.82265930001,Components,Headset,Gold,Custom,452,COMHEA00452
Components Headset,1594.9634770071425,Components,Headset,Silver,S,453,COMHEA00453
Components Headset,2768.9990593028983,Components,Headset,Silver,M,454,COMHEA00454
Components Headset,5146.210250066878,Components,Headset,Silver,XL,455,COMHEA00455
Components Headset,9861.799316786224,Components,Headset,Silver,Custom,456,COMHEA00456
Components Headset,3976.8511283682888,Components,Headset,Design - Special 2000,S,457,COMHEA00457
Components Headset,2023.4636788711134,Components,Headset,Design - Special 2000,M,458,COMHEA00458
Components Headset,8222.411921426003,Components,Headset,Design - Special 2000,XL,459,COMHEA00459
Components Headset,3238.708673781879,Components,Headset,Design - Special 2000,Custom,460,COMHEA00460
Components Headset,5370.487308237197,Components,Headset,Design Classic,S,461,COMHEA00461
Components Headset,5492.576900115196,Components,Headset,Design Classic,M,462,COMHEA00462
Components Headset,5823.646163419435,Components,Headset,Design Classic,XL,463,COMHEA00463
Components Headset,5892.09660459891,Components,Headset,Design Classic,Custom,464,COMHEA00464
Other Paint,2327.1870771486697,Other,Paint,Standar,Standar,465,OTHPAI00465
Other Paint,1242.7424339393715,Other,Paint,Standar,Custom,466,OTHPAI00466
Other Paint,3429.767538349562,Other,Paint,Standar,Combo 1,467,OTHPAI00467
Other Paint,9747.625624278677,Other,Paint,Standar,Combo 2,468,OTHPAI00468
Other Paint,6990.8897417549615,Other,Paint,Standar,Combo 3,469,OTHPAI00469
Other Paint,3160.3603799965304,Other,Paint,Standar,Special Edition,470,OTHPAI00470
Other Paint,2103.036950506508,Other,Paint,Style default,Standar,471,OTHPAI00471
Other Paint,224.11438492599092,Other,Paint,Style default,Custom,472,OTHPAI00472
Other Paint,1283.4399074581816,Other,Paint,Style default,Combo 1,473,OTHPAI00473
Other Paint,6623.517442260287,Other,Paint,Style default,Combo 2,474,OTHPAI00474
Other Paint,5535.848316183671,Other,Paint,Style default,Combo 3,475,OTHPAI00475
Other Paint,9524.281949021532,Other,Paint,Style default,Special Edition,476,OTHPAI00476
Other Paint,4635.855366855107,Other,Paint,Summer,Standar,477,OTHPAI00477
Other Paint,8768.656163362895,Other,Paint,Summer,Custom,478,OTHPAI00478
Other Paint,5976.586930124675,Other,Paint,Summer,Combo 1,479,OTHPAI00479
Other Paint,504.0873319078157,Other,Paint,Summer,Combo 2,480,OTHPAI00480
Other Paint,782.2628760425495,Other,Paint,Summer,Combo 3,481,OTHPAI00481
Other Paint,2227.0685526539896,Other,Paint,Summer,Special Edition,482,OTHPAI00482
Other Paint,8963.90146108272,Other,Paint,Autumn,Standar,483,OTHPAI00483
Other Paint,5079.972633473531,Other,Paint,Autumn,Custom,484,OTHPAI00484
Other Paint,1009.6893141457991,Other,Paint,Autumn,Combo 1,485,OTHPAI00485
Other Paint,2550.3249616006037,Other,Paint,Autumn,Combo 2,486,OTHPAI00486
Other Paint,1579.3887959331812,Other,Paint,Autumn,Combo 3,487,OTHPAI00487
Other Paint,5715.541447038166,Other,Paint,Autumn,Special Edition,488,OTHPAI00488
Other Paint,8576.618116979296,Other,Paint,Spring,Standar,489,OTHPAI00489
Other Paint,3078.06743750547,Other,Paint,Spring,Custom,490,OTHPAI00490
Other Paint,7460.535932789561,Other,Paint,Spring,Combo 1,491,OTHPAI00491
Other Paint,3174.1056900757503,Other,Paint,Spring,Combo 2,492,OTHPAI00492
Other Paint,7147.775926652347,Other,Paint,Spring,Combo 3,493,OTHPAI00493
Other Paint,9991.024744570834,Other,Paint,Spring,Special Edition,494,OTHPAI00494
Other Paint,3476.899288849823,Other,Paint,Winter,Standar,495,OTHPAI00495
Other Paint,790.0571298434626,Other,Paint,Winter,Custom,496,OTHPAI00496
Other Paint,1732.7559012049214,Other,Paint,Winter,Combo 1,497,OTHPAI00497
Other Paint,912.5738028111107,Other,Paint,Winter,Combo 2,498,OTHPAI00498
Other Paint,6220.880591170095,Other,Paint,Winter,Combo 3,499,OTHPAI00499
Other Paint,9468.340920343686,Other,Paint,Winter,Special Edition,500,OTHPAI00500
Other Paint,2280.3021506645196,Other,Paint,Custom,Standar,501,OTHPAI00501
Other Paint,449.3860384648514,Other,Paint,Custom,Custom,502,OTHPAI00502
Other Paint,3598.039150137905,Other,Paint,Custom,Combo 1,503,OTHPAI00503
Other Paint,3926.738061632613,Other,Paint,Custom,Combo 2,504,OTHPAI00504
Other Paint,1273.7814236530337,Other,Paint,Custom,Combo 3,505,OTHPAI00505
Other Paint,5953.720433418477,Other,Paint,Custom,Special Edition,506,OTHPAI00506
Other Cleaner,298.92614902480574,Other,Cleaner,Standar,Standar,507,OTHCLE00507
Other Cleaner,9601.984464603785,Other,Cleaner,Standar,Custom,508,OTHCLE00508
Other Cleaner,8962.69187897646,Other,Cleaner,Standar,Combo 1,509,OTHCLE00509
Other Cleaner,3019.053459784114,Other,Cleaner,Standar,Combo 2,510,OTHCLE00510
Other Cleaner,846.5381262749216,Other,Cleaner,Standar,Combo 3,511,OTHCLE00511
Other Cleaner,3381.4626352923297,Other,Cleaner,Standar,Special Edition,512,OTHCLE00512
Other Cleaner,5406.978456976723,Other,Cleaner,Style default,Standar,513,OTHCLE00513
Other Cleaner,1466.3517631601687,Other,Cleaner,Style default,Custom,514,OTHCLE00514
Other Cleaner,275.32687875988387,Other,Cleaner,Style default,Combo 1,515,OTHCLE00515
Other Cleaner,2035.3938594546032,Other,Cleaner,Style default,Combo 2,516,OTHCLE00516
Other Cleaner,4657.987966425727,Other,Cleaner,Style default,Combo 3,517,OTHCLE00517
Other Cleaner,6015.853910505097,Other,Cleaner,Style default,Special Edition,518,OTHCLE00518
Other Cleaner,4299.120721399998,Other,Cleaner,Summer,Standar,519,OTHCLE00519
Other Cleaner,2331.924393075681,Other,Cleaner,Summer,Custom,520,OTHCLE00520
Other Cleaner,9815.382508112989,Other,Cleaner,Summer,Combo 1,521,OTHCLE00521
Other Cleaner,6824.738062214227,Other,Cleaner,Summer,Combo 2,522,OTHCLE00522
Other Cleaner,9292.480680938412,Other,Cleaner,Summer,Combo 3,523,OTHCLE00523
Other Cleaner,9939.932209660285,Other,Cleaner,Summer,Special Edition,524,OTHCLE00524
Other Cleaner,4254.917455241841,Other,Cleaner,Autumn,Standar,525,OTHCLE00525
Other Cleaner,8348.402227236904,Other,Cleaner,Autumn,Custom,526,OTHCLE00526
Other Cleaner,2484.9768272121482,Other,Cleaner,Autumn,Combo 1,527,OTHCLE00527
Other Cleaner,847.344707101651,Other,Cleaner,Autumn,Combo 2,528,OTHCLE00528
Other Cleaner,1160.9753939169418,Other,Cleaner,Autumn,Combo 3,529,OTHCLE00529
Other Cleaner,5712.430803702771,Other,Cleaner,Autumn,Special Edition,530,OTHCLE00530
Other Cleaner,4955.29780559559,Other,Cleaner,Spring,Standar,531,OTHCLE00531
Other Cleaner,1718.569002214983,Other,Cleaner,Spring,Custom,532,OTHCLE00532
Other Cleaner,4349.320467972,Other,Cleaner,Spring,Combo 1,533,OTHCLE00533
Other Cleaner,5828.826109596373,Other,Cleaner,Spring,Combo 2,534,OTHCLE00534
Other Cleaner,1604.0577761613151,Other,Cleaner,Spring,Combo 3,535,OTHCLE00535
Other Cleaner,1745.8186622255455,Other,Cleaner,Spring,Special Edition,536,OTHCLE00536
Other Cleaner,6385.401062759701,Other,Cleaner,Winter,Standar,537,OTHCLE00537
Other Cleaner,551.34783576328,Other,Cleaner,Winter,Custom,538,OTHCLE00538
Other Cleaner,7946.591146376451,Other,Cleaner,Winter,Combo 1,539,OTHCLE00539
Other Cleaner,2653.1544700074082,Other,Cleaner,Winter,Combo 2,540,OTHCLE00540
Other Cleaner,2137.5822157217603,Other,Cleaner,Winter,Combo 3,541,OTHCLE00541
Other Cleaner,207.70818573716105,Other,Cleaner,Winter,Special Edition,542,OTHCLE00542
Other Cleaner,2412.3097129745224,Other,Cleaner,Custom,Standar,543,OTHCLE00543
Other Cleaner,131.02486946692756,Other,Cleaner,Custom,Custom,544,OTHCLE00544
Other Cleaner,2841.7236597238516,Other,Cleaner,Custom,Combo 1,545,OTHCLE00545
Other Cleaner,3796.481632064474,Other,Cleaner,Custom,Combo 2,546,OTHCLE00546
Other Cleaner,9305.473049776636,Other,Cleaner,Custom,Combo 3,547,OTHCLE00547
Other Cleaner,3587.490558718969,Other,Cleaner,Custom,Special Edition,548,OTHCLE00548
Other Wiper,463.5406872775391,Other,Wiper,Standar,Standar,549,OTHWIP00549
Other Wiper,9945.894854217635,Other,Wiper,Standar,Custom,550,OTHWIP00550
Other Wiper,5007.842187872383,Other,Wiper,Standar,Combo 1,551,OTHWIP00551
Other Wiper,5682.483023476357,Other,Wiper,Standar,Combo 2,552,OTHWIP00552
Other Wiper,4128.049089127948,Other,Wiper,Standar,Combo 3,553,OTHWIP00553
Other Wiper,6052.987400821422,Other,Wiper,Standar,Special Edition,554,OTHWIP00554
Other Wiper,7062.126107486124,Other,Wiper,Style default,Standar,555,OTHWIP00555
Other Wiper,6337.808019572043,Other,Wiper,Style default,Custom,556,OTHWIP00556
Other Wiper,9022.151121869392,Other,Wiper,Style default,Combo 1,557,OTHWIP00557
Other Wiper,4820.796589347522,Other,Wiper,Style default,Combo 2,558,OTHWIP00558
Other Wiper,1084.683465735139,Other,Wiper,Style default,Combo 3,559,OTHWIP00559
Other Wiper,2725.246013598549,Other,Wiper,Style default,Special Edition,560,OTHWIP00560
Other Wiper,9282.23088044392,Other,Wiper,Summer,Standar,561,OTHWIP00561
Other Wiper,4140.141949830836,Other,Wiper,Summer,Custom,562,OTHWIP00562
Other Wiper,1369.5878791925622,Other,Wiper,Summer,Combo 1,563,OTHWIP00563
Other Wiper,8970.086533654292,Other,Wiper,Summer,Combo 2,564,OTHWIP00564
Other Wiper,5847.600398592005,Other,Wiper,Summer,Combo 3,565,OTHWIP00565
Other Wiper,4037.223139064024,Other,Wiper,Summer,Special Edition,566,OTHWIP00566
Other Wiper,789.0623552166645,Other,Wiper,Autumn,Standar,567,OTHWIP00567
Other Wiper,3474.9878632720315,Other,Wiper,Autumn,Custom,568,OTHWIP00568
Other Wiper,5757.963559593063,Other,Wiper,Autumn,Combo 1,569,OTHWIP00569
Other Wiper,8414.813023868717,Other,Wiper,Autumn,Combo 2,570,OTHWIP00570
Other Wiper,9065.277353081134,Other,Wiper,Autumn,Combo 3,571,OTHWIP00571
Other Wiper,8561.499789314406,Other,Wiper,Autumn,Special Edition,572,OTHWIP00572
Other Wiper,4793.966862992978,Other,Wiper,Spring,Standar,573,OTHWIP00573
Other Wiper,5666.854117246589,Other,Wiper,Spring,Custom,574,OTHWIP00574
Other Wiper,698.4113807955758,Other,Wiper,Spring,Combo 1,575,OTHWIP00575
Other Wiper,3317.424060271304,Other,Wiper,Spring,Combo 2,576,OTHWIP00576
Other Wiper,3786.4378943574843,Other,Wiper,Spring,Combo 3,577,OTHWIP00577
Other Wiper,7418.637081805565,Other,Wiper,Spring,Special Edition,578,OTHWIP00578
Other Wiper,4511.355563420759,Other,Wiper,Winter,Standar,579,OTHWIP00579
Other Wiper,4745.505115367794,Other,Wiper,Winter,Custom,580,OTHWIP00580
Other Wiper,5069.437494278927,Other,Wiper,Winter,Combo 1,581,OTHWIP00581
Other Wiper,2344.1412875489254,Other,Wiper,Winter,Combo 2,582,OTHWIP00582
Other Wiper,7450.156728271725,Other,Wiper,Winter,Combo 3,583,OTHWIP00583
Other Wiper,3361.6541871214395,Other,Wiper,Winter,Special Edition,584,OTHWIP00584
Other Wiper,9346.648514555049,Other,Wiper,Custom,Standar,585,OTHWIP00585
Other Wiper,2216.6439599547525,Other,Wiper,Custom,Custom,586,OTHWIP00586
Other Wiper,4758.637004842594,Other,Wiper,Custom,Combo 1,587,OTHWIP00587
Other Wiper,2467.0781737784073,Other,Wiper,Custom,Combo 2,588,OTHWIP00588
Other Wiper,4572.300539841815,Other,Wiper,Custom,Combo 3,589,OTHWIP00589
Other Wiper,2321.4174809571377,Other,Wiper,Custom,Special Edition,590,OTHWIP00590
Other Rings,2890.9394794333975,Other,Rings,Standar,Standar,591,OTHRIN00591
Other Rings,1962.323887494742,Other,Rings,Standar,Custom,592,OTHRIN00592
Other Rings,5607.077806110372,Other,Rings,Standar,Combo 1,593,OTHRIN00593
Other Rings,3634.255916731902,Other,Rings,Standar,Combo 2,594,OTHRIN00594
Other Rings,548.3189783040375,Other,Rings,Standar,Combo 3,595,OTHRIN00595
Other Rings,9962.104748327762,Other,Rings,Standar,Special Edition,596,OTHRIN00596
Other Rings,2740.146012008877,Other,Rings,Style default,Standar,597,OTHRIN00597
Other Rings,2070.3769479946436,Other,Rings,Style default,Custom,598,OTHRIN00598
Other Rings,2408.0974140112066,Other,Rings,Style default,Combo 1,599,OTHRIN00599
Other Rings,2188.9557344240616,Other,Rings,Style default,Combo 2,600,OTHRIN00600
Other Rings,6950.931576653815,Other,Rings,Style default,Combo 3,601,OTHRIN00601
Other Rings,7283.5939214153295,Other,Rings,Style default,Special Edition,602,OTHRIN00602
Other Rings,1607.543666692042,Other,Rings,Summer,Standar,603,OTHRIN00603
Other Rings,5189.117865010928,Other,Rings,Summer,Custom,604,OTHRIN00604
Other Rings,537.673156416343,Other,Rings,Summer,Combo 1,605,OTHRIN00605
Other Rings,5048.0207648488795,Other,Rings,Summer,Combo 2,606,OTHRIN00606
Other Rings,4763.552201771375,Other,Rings,Summer,Combo 3,607,OTHRIN00607
Other Rings,4197.577755905884,Other,Rings,Summer,Special Edition,608,OTHRIN00608
Other Rings,9342.100515824024,Other,Rings,Autumn,Standar,609,OTHRIN00609
Other Rings,1262.189451713504,Other,Rings,Autumn,Custom,610,OTHRIN00610
Other Rings,1018.6131018788459,Other,Rings,Autumn,Combo 1,611,OTHRIN00611
Other Rings,4976.939849420319,Other,Rings,Autumn,Combo 2,612,OTHRIN00612
Other Rings,8317.515927434886,Other,Rings,Autumn,Combo 3,613,OTHRIN00613
Other Rings,2813.106044604328,Other,Rings,Autumn,Special Edition,614,OTHRIN00614
Other Rings,3729.3949302591145,Other,Rings,Spring,Standar,615,OTHRIN00615
Other Rings,5617.172447365492,Other,Rings,Spring,Custom,616,OTHRIN00616
Other Rings,2817.1665834475816,Other,Rings,Spring,Combo 1,617,OTHRIN00617
Other Rings,9701.354730032846,Other,Rings,Spring,Combo 2,618,OTHRIN00618
Other Rings,4817.691416431341,Other,Rings,Spring,Combo 3,619,OTHRIN00619
Other Rings,9930.130601102803,Other,Rings,Spring,Special Edition,620,OTHRIN00620
Other Rings,960.99436326432,Other,Rings,Winter,Standar,621,OTHRIN00621
Other Rings,6509.870358688999,Other,Rings,Winter,Custom,622,OTHRIN00622
Other Rings,8856.073105729547,Other,Rings,Winter,Combo 1,623,OTHRIN00623
Other Rings,8832.86137040578,Other,Rings,Winter,Combo 2,624,OTHRIN00624
Other Rings,3713.132371061033,Other,Rings,Winter,Combo 3,625,OTHRIN00625
Other Rings,5093.835424789026,Other,Rings,Winter,Special Edition,626,OTHRIN00626
Other Rings,8197.59712988322,Other,Rings,Custom,Standar,627,OTHRIN00627
Other Rings,2157.148778612309,Other,Rings,Custom,Custom,628,OTHRIN00628
Other Rings,3938.264127900787,Other,Rings,Custom,Combo 1,629,OTHRIN00629
Other Rings,2707.4254932979266,Other,Rings,Custom,Combo 2,630,OTHRIN00630
Other Rings,5107.465881985985,Other,Rings,Custom,Combo 3,631,OTHRIN00631
Other Rings,1048.4009134091505,Other,Rings,Custom,Special Edition,632,OTHRIN00632
Other Watch,3078.1656105767156,Other,Watch,Standar,Standar,633,OTHWAT00633
Other Watch,8017.486546421804,Other,Watch,Standar,Custom,634,OTHWAT00634
Other Watch,4348.05642055143,Other,Watch,Standar,Combo 1,635,OTHWAT00635
Other Watch,6808.205816095944,Other,Watch,Standar,Combo 2,636,OTHWAT00636
Other Watch,7121.419983758344,Other,Watch,Standar,Combo 3,637,OTHWAT00637
Other Watch,8742.935487887999,Other,Watch,Standar,Special Edition,638,OTHWAT00638
Other Watch,3570.19229430446,Other,Watch,Style default,Standar,639,OTHWAT00639
Other Watch,3245.2696195538106,Other,Watch,Style default,Custom,640,OTHWAT00640
Other Watch,1765.6643420012338,Other,Watch,Style default,Combo 1,641,OTHWAT00641
Other Watch,4762.195363565442,Other,Watch,Style default,Combo 2,642,OTHWAT00642
Other Watch,4383.509211478974,Other,Watch,Style default,Combo 3,643,OTHWAT00643
Other Watch,2702.8173812577834,Other,Watch,Style default,Special Edition,644,OTHWAT00644
Other Watch,4610.727279935654,Other,Watch,Summer,Standar,645,OTHWAT00645
Other Watch,2748.5486795807374,Other,Watch,Summer,Custom,646,OTHWAT00646
Other Watch,7066.229543897357,Other,Watch,Summer,Combo 1,647,OTHWAT00647
Other Watch,1245.36811403643,Other,Watch,Summer,Combo 2,648,OTHWAT00648
Other Watch,9605.315467993278,Other,Watch,Summer,Combo 3,649,OTHWAT00649
Other Watch,2565.3371825191352,Other,Watch,Summer,Special Edition,650,OTHWAT00650
Other Watch,3578.630102303123,Other,Watch,Autumn,Standar,651,OTHWAT00651
Other Watch,5714.770688180882,Other,Watch,Autumn,Custom,652,OTHWAT00652
Other Watch,8077.329589191167,Other,Watch,Autumn,Combo 1,653,OTHWAT00653
Other Watch,2105.410136668451,Other,Watch,Autumn,Combo 2,654,OTHWAT00654
Other Watch,4986.77371283042,Other,Watch,Autumn,Combo 3,655,OTHWAT00655
Other Watch,6148.549004766487,Other,Watch,Autumn,Special Edition,656,OTHWAT00656
Other Watch,828.0876180155728,Other,Watch,Spring,Standar,657,OTHWAT00657
Other Watch,5147.420171281251,Other,Watch,Spring,Custom,658,OTHWAT00658
Other Watch,4719.128219788389,Other,Watch,Spring,Combo 1,659,OTHWAT00659
Other Watch,6334.432864310942,Other,Watch,Spring,Combo 2,660,OTHWAT00660
Other Watch,8873.469191696227,Other,Watch,Spring,Combo 3,661,OTHWAT00661
Other Watch,6943.058389336669,Other,Watch,Spring,Special Edition,662,OTHWAT00662
Other Watch,9760.407807347832,Other,Watch,Winter,Standar,663,OTHWAT00663
Other Watch,7747.515575758379,Other,Watch,Winter,Custom,664,OTHWAT00664
Other Watch,3982.407589812695,Other,Watch,Winter,Combo 1,665,OTHWAT00665
Other Watch,4043.6411379918536,Other,Watch,Winter,Combo 2,666,OTHWAT00666
Other Watch,4652.279645334317,Other,Watch,Winter,Combo 3,667,OTHWAT00667
Other Watch,2309.906859967898,Other,Watch,Winter,Special Edition,668,OTHWAT00668
Other Watch,1910.8493891106366,Other,Watch,Custom,Standar,669,OTHWAT00669
Other Watch,6743.990536066857,Other,Watch,Custom,Custom,670,OTHWAT00670
Other Watch,4054.995570518589,Other,Watch,Custom,Combo 1,671,OTHWAT00671
Other Watch,6791.944665850795,Other,Watch,Custom,Combo 2,672,OTHWAT00672
Other Watch,406.05606710389816,Other,Watch,Custom,Combo 3,673,OTHWAT00673
Other Watch,5842.488033385424,Other,Watch,Custom,Special Edition,674,OTHWAT00674
Other Headphones,3798.2356747739273,Other,Headphones,Standar,Standar,675,OTHHEA00675
Other Headphones,2469.289430646898,Other,Headphones,Standar,Custom,676,OTHHEA00676
Other Headphones,2724.855554230555,Other,Headphones,Standar,Combo 1,677,OTHHEA00677
Other Headphones,4527.299735793288,Other,Headphones,Standar,Combo 2,678,OTHHEA00678
Other Headphones,1993.9690749432984,Other,Headphones,Standar,Combo 3,679,OTHHEA00679
Other Headphones,4179.334182990786,Other,Headphones,Standar,Special Edition,680,OTHHEA00680
Other Headphones,9143.752184850842,Other,Headphones,Style default,Standar,681,OTHHEA00681
Other Headphones,246.55913926027122,Other,Headphones,Style default,Custom,682,OTHHEA00682
Other Headphones,1192.1104426887441,Other,Headphones,Style default,Combo 1,683,OTHHEA00683
Other Headphones,8786.924463397983,Other,Headphones,Style default,Combo 2,684,OTHHEA00684
Other Headphones,2652.314851119583,Other,Headphones,Style default,Combo 3,685,OTHHEA00685
Other Headphones,6247.659337216608,Other,Headphones,Style default,Special Edition,686,OTHHEA00686
Other Headphones,9878.961393871086,Other,Headphones,Summer,Standar,687,OTHHEA00687
Other Headphones,9050.537003801981,Other,Headphones,Summer,Custom,688,OTHHEA00688
Other Headphones,3713.362531090664,Other,Headphones,Summer,Combo 1,689,OTHHEA00689
Other Headphones,3494.904148987832,Other,Headphones,Summer,Combo 2,690,OTHHEA00690
Other Headphones,8762.937690756056,Other,Headphones,Summer,Combo 3,691,OTHHEA00691
Other Headphones,5418.661159234552,Other,Headphones,Summer,Special Edition,692,OTHHEA00692
Other Headphones,5731.315914874093,Other,Headphones,Autumn,Standar,693,OTHHEA00693
Other Headphones,2393.1720425031494,Other,Headphones,Autumn,Custom,694,OTHHEA00694
Other Headphones,1737.7227618948475,Other,Headphones,Autumn,Combo 1,695,OTHHEA00695
Other Headphones,7674.721894105508,Other,Headphones,Autumn,Combo 2,696,OTHHEA00696
Other Headphones,7832.113695307051,Other,Headphones,Autumn,Combo 3,697,OTHHEA00697
Other Headphones,8694.19263409701,Other,Headphones,Autumn,Special Edition,698,OTHHEA00698
Other Headphones,3956.552524853185,Other,Headphones,Spring,Standar,699,OTHHEA00699
Other Headphones,4689.890036996561,Other,Headphones,Spring,Custom,700,OTHHEA00700
Other Headphones,9493.070616639101,Other,Headphones,Spring,Combo 1,701,OTHHEA00701
Other Headphones,1937.862627873198,Other,Headphones,Spring,Combo 2,702,OTHHEA00702
Other Headphones,1861.042397909598,Other,Headphones,Spring,Combo 3,703,OTHHEA00703
Other Headphones,1124.0651518789612,Other,Headphones,Spring,Special Edition,704,OTHHEA00704
Other Headphones,711.8297632437196,Other,Headphones,Winter,Standar,705,OTHHEA00705
Other Headphones,4130.182739647553,Other,Headphones,Winter,Custom,706,OTHHEA00706
Other Headphones,9685.959002139283,Other,Headphones,Winter,Combo 1,707,OTHHEA00707
Other Headphones,3728.08937118118,Other,Headphones,Winter,Combo 2,708,OTHHEA00708
Other Headphones,4472.539137494272,Other,Headphones,Winter,Combo 3,709,OTHHEA00709
Other Headphones,6980.302129243279,Other,Headphones,Winter,Special Edition,710,OTHHEA00710
Other Headphones,5322.997136116619,Other,Headphones,Custom,Standar,711,OTHHEA00711
Other Headphones,9244.961401997472,Other,Headphones,Custom,Custom,712,OTHHEA00712
Other Headphones,2360.03727779929,Other,Headphones,Custom,Combo 1,713,OTHHEA00713
Other Headphones,3383.5767924626493,Other,Headphones,Custom,Combo 2,714,OTHHEA00714
Other Headphones,4414.418009068383,Other,Headphones,Custom,Combo 3,715,OTHHEA00715
Other Headphones,4598.327076052819,Other,Headphones,Custom,Special Edition,716,OTHHEA00716
Other Batteries,8896.405353500737,Other,Batteries,Standar,Standar,717,OTHBAT00717
Other Batteries,7752.500565935352,Other,Batteries,Standar,Custom,718,OTHBAT00718
Other Batteries,7060.073400027197,Other,Batteries,Standar,Combo 1,719,OTHBAT00719
Other Batteries,2112.3399140289866,Other,Batteries,Standar,Combo 2,720,OTHBAT00720
Other Batteries,271.05984064831773,Other,Batteries,Standar,Combo 3,721,OTHBAT00721
Other Batteries,4017.6698201801196,Other,Batteries,Standar,Special Edition,722,OTHBAT00722
Other Batteries,2949.1828944699146,Other,Batteries,Style default,Standar,723,OTHBAT00723
Other Batteries,2670.648060201624,Other,Batteries,Style default,Custom,724,OTHBAT00724
Other Batteries,208.7519563978022,Other,Batteries,Style default,Combo 1,725,OTHBAT00725
Other Batteries,1609.738294797358,Other,Batteries,Style default,Combo 2,726,OTHBAT00726
Other Batteries,7213.038620338132,Other,Batteries,Style default,Combo 3,727,OTHBAT00727
Other Batteries,8931.81787305455,Other,Batteries,Style default,Special Edition,728,OTHBAT00728
Other Batteries,8794.84338698833,Other,Batteries,Summer,Standar,729,OTHBAT00729
Other Batteries,3264.2499256363676,Other,Batteries,Summer,Custom,730,OTHBAT00730
Other Batteries,3397.6758507825684,Other,Batteries,Summer,Combo 1,731,OTHBAT00731
Other Batteries,9865.895344599585,Other,Batteries,Summer,Combo 2,732,OTHBAT00732
Other Batteries,8958.67967059648,Other,Batteries,Summer,Combo 3,733,OTHBAT00733
Other Batteries,1788.6307391490707,Other,Batteries,Summer,Special Edition,734,OTHBAT00734
Other Batteries,2234.3649935835992,Other,Batteries,Autumn,Standar,735,OTHBAT00735
Other Batteries,5711.120424718691,Other,Batteries,Autumn,Custom,736,OTHBAT00736
Other Batteries,125.9301176633067,Other,Batteries,Autumn,Combo 1,737,OTHBAT00737
Other Batteries,3442.894251022783,Other,Batteries,Autumn,Combo 2,738,OTHBAT00738
Other Batteries,4617.929845118217,Other,Batteries,Autumn,Combo 3,739,OTHBAT00739
Other Batteries,8184.9240395922925,Other,Batteries,Autumn,Special Edition,740,OTHBAT00740
Other Batteries,246.74074638671263,Other,Batteries,Spring,Standar,741,OTHBAT00741
Other Batteries,7940.192644974604,Other,Batteries,Spring,Custom,742,OTHBAT00742
Other Batteries,4412.7844198981265,Other,Batteries,Spring,Combo 1,743,OTHBAT00743
Other Batteries,6471.350038675788,Other,Batteries,Spring,Combo 2,744,OTHBAT00744
Other Batteries,5398.997676817369,Other,Batteries,Spring,Combo 3,745,OTHBAT00745
Other Batteries,3735.3169281419455,Other,Batteries,Spring,Special Edition,746,OTHBAT00746
Other Batteries,162.08767951146496,Other,Batteries,Winter,Standar,747,OTHBAT00747
Other Batteries,6502.121645576648,Other,Batteries,Winter,Custom,748,OTHBAT00748
Other Batteries,9215.759419890705,Other,Batteries,Winter,Combo 1,749,OTHBAT00749
Other Batteries,9234.392922873174,Other,Batteries,Winter,Combo 2,750,OTHBAT00750
Other Batteries,4670.971746993539,Other,Batteries,Winter,Combo 3,751,OTHBAT00751
Other Batteries,7324.794507933384,Other,Batteries,Winter,Special Edition,752,OTHBAT00752
Other Batteries,6612.873567325404,Other,Batteries,Custom,Standar,753,OTHBAT00753
Other Batteries,5173.227366403531,Other,Batteries,Custom,Custom,754,OTHBAT00754
Other Batteries,804.0702408456852,Other,Batteries,Custom,Combo 1,755,OTHBAT00755
Other Batteries,9042.66049318996,Other,Batteries,Custom,Combo 2,756,OTHBAT00756
Other Batteries,7045.828720653346,Other,Batteries,Custom,Combo 3,757,OTHBAT00757
Other Batteries,7731.521677456517,Other,Batteries,Custom,Special Edition,758,OTHBAT00758
Other Speaker,1707.4844105705504,Other,Speaker,Standar,Standar,759,OTHSPE00759
Other Speaker,2585.986810964246,Other,Speaker,Standar,Custom,760,OTHSPE00760
Other Speaker,3517.4652575245327,Other,Speaker,Standar,Combo 1,761,OTHSPE00761
Other Speaker,3178.238186514318,Other,Speaker,Standar,Combo 2,762,OTHSPE00762
Other Speaker,146.49454501261098,Other,Speaker,Standar,Combo 3,763,OTHSPE00763
Other Speaker,6049.551020154734,Other,Speaker,Standar,Special Edition,764,OTHSPE00764
Other Speaker,8211.759598317478,Other,Speaker,Style default,Standar,765,OTHSPE00765
Other Speaker,1018.1806819143978,Other,Speaker,Style default,Custom,766,OTHSPE00766
Other Speaker,9565.6141629948,Other,Speaker,Style default,Combo 1,767,OTHSPE00767
Other Speaker,4023.4056273404835,Other,Speaker,Style default,Combo 2,768,OTHSPE00768
Other Speaker,5753.8461195609625,Other,Speaker,Style default,Combo 3,769,OTHSPE00769
Other Speaker,5902.478958823809,Other,Speaker,Style default,Special Edition,770,OTHSPE00770
Other Speaker,7938.51860094766,Other,Speaker,Summer,Standar,771,OTHSPE00771
Other Speaker,8875.754123765104,Other,Speaker,Summer,Custom,772,OTHSPE00772
Other Speaker,817.695384438715,Other,Speaker,Summer,Combo 1,773,OTHSPE00773
Other Speaker,8316.413811735085,Other,Speaker,Summer,Combo 2,774,OTHSPE00774
Other Speaker,4091.6368389846325,Other,Speaker,Summer,Combo 3,775,OTHSPE00775
Other Speaker,9617.463577094133,Other,Speaker,Summer,Special Edition,776,OTHSPE00776
Other Speaker,4176.726866758796,Other,Speaker,Autumn,Standar,777,OTHSPE00777
Other Speaker,7246.568928844638,Other,Speaker,Autumn,Custom,778,OTHSPE00778
Other Speaker,2179.949917371173,Other,Speaker,Autumn,Combo 1,779,OTHSPE00779
Other Speaker,4481.493621288518,Other,Speaker,Autumn,Combo 2,780,OTHSPE00780
Other Speaker,5967.691704572492,Other,Speaker,Autumn,Combo 3,781,OTHSPE00781
Other Speaker,2227.662253980888,Other,Speaker,Autumn,Special Edition,782,OTHSPE00782
Other Speaker,7108.487742402102,Other,Speaker,Spring,Standar,783,OTHSPE00783
Other Speaker,7332.739138176263,Other,Speaker,Spring,Custom,784,OTHSPE00784
Other Speaker,2866.9254109378285,Other,Speaker,Spring,Combo 1,785,OTHSPE00785
Other Speaker,7298.790144166438,Other,Speaker,Spring,Combo 2,786,OTHSPE00786
Other Speaker,5595.67706315015,Other,Speaker,Spring,Combo 3,787,OTHSPE00787
Other Speaker,6871.093320813521,Other,Speaker,Spring,Special Edition,788,OTHSPE00788
Other Speaker,5495.346520381488,Other,Speaker,Winter,Standar,789,OTHSPE00789
Other Speaker,250.28890221686356,Other,Speaker,Winter,Custom,790,OTHSPE00790
Other Speaker,8934.299305536671,Other,Speaker,Winter,Combo 1,791,OTHSPE00791
Other Speaker,8368.963487224211,Other,Speaker,Winter,Combo 2,792,OTHSPE00792
Other Speaker,2664.0205874105345,Other,Speaker,Winter,Combo 3,793,OTHSPE00793
Other Speaker,2276.3816300368985,Other,Speaker,Winter,Special Edition,794,OTHSPE00794
Other Speaker,1327.7001620405606,Other,Speaker,Custom,Standar,795,OTHSPE00795
Other Speaker,7909.730158581493,Other,Speaker,Custom,Custom,796,OTHSPE00796
Other Speaker,8574.271265920097,Other,Speaker,Custom,Combo 1,797,OTHSPE00797
Other Speaker,8374.43469651729,Other,Speaker,Custom,Combo 2,798,OTHSPE00798
Other Speaker,6152.339395847782,Other,Speaker,Custom,Combo 3,799,OTHSPE00799
Other Speaker,3725.2345159051133,Other,Speaker,Custom,Special Edition,800,OTHSPE00800
